ligand_id,smiles,affinity
303,[H]c1nc(N([H])c2c([H])c([H])c(C([H])([H])[H])c(N([H])C(=O)N([H])C(=O)[C@@]3([H])C([H])([H])[C@]([H])(c4c([H])c([H])c([H])c([H])c4[H])N(c4nc(Cl)nc([H])c4[H])[C@]3([H])c3oc([H])c([H])c3[H])c2[H])nc([H])c1[H],0.471435546875
9558,[H]c1nc([H])c([C@@]2([H])N(S(=O)(=O)c3c([H])c([H])c([H])c(F)c3[H])[C@@]([H])(c3c([H])c([H])nc([H])c3[H])[C@]([H])(C(=O)N([H])C(=O)N([H])c3c([H])c([H])c(Cl)c([H])c3[H])C2([H])[H])c([H])c1[H],0.3544921875
29470,[H]c1nc([C@]2([H])N(C([H])([H])[H])[C@]([H])(c3c([H])c([H])c([H])c([H])c3[H])C([H])([H])[C@@]2([H])C(=O)N([H])C(=O)C(=O)OC([H])([H])C([H])([H])C([H])([H])C([H])([H])N([H])c2c([H])nc3c(c2[H])C([H])([H])C([H])([H])C3([H])[H])c([H])c([H])c1[H],0.340576171875
19970,[H]c1c([H])c([H])c([C@@]2([H])N(C(=O)Oc3c([H])c([H])c([H])c([C@]4(C([H])([H])[H])N([H])C4([H])[H])c3[H])[C@]([H])(c3c([H])c([H])c([H])c4c([H])c([H])c([H])c([H])c34)[C@]([H])(C(=O)N([H])C(=O)N([H])C([H])([H])[H])C2([H])[H])c([H])c1[H],0.334716796875
28752,[H]c1nc(C([H])([H])[H])c(C([H])([H])[H])c(N2[C@]([H])(c3c([H])c([H])c([H])c([H])c3[H])C([H])([H])[C@@]([H])(C(=O)N([H])C(=O)N([H])c3c([H])c([H])c(OC([H])([H])C([H])([H])N4C([H])([H])C([H])([H])C4([H])[H])c([H])c3[H])[C@@]2([H])c2c([H])c([H])nc([H])c2[H])c1[H],0.324462890625
9609,[H]c1nc(N([H])C(=O)N([H])C(=O)[C@@]2([H])C([H])([H])[C@@]([H])(c3c([H])c([H])c([H])c([H])c3[H])N(C(=O)n3nnnc3[H])[C@]2([H])c2sc([H])c([H])c2[H])c([H])c([H])c1C([H])([H])[H],0.306640625
44969,[H]c1nc(Cl)c(Cl)c(S(=O)(=O)N2[C@]([H])(c3sc([H])c([H])c3[H])[C@]([H])(C(=O)N([H])C(=O)N([H])c3c([H])c([H])c([H])c(F)c3[H])C([H])([H])[C@]2([H])c2c([H])c([H])c([H])c([H])c2[H])c1[H],0.29248046875
29542,[H]OC(=O)[C@]1([H])C([H])([H])C([H])([H])[C@]1([H])N([H])C(=O)N([H])C(=O)[C@@]1([H])C([H])([H])[C@@]([H])(c2c([H])nc([H])c([H])c2[H])N(c2nc(C([H])([H])[H])c(F)c([H])c2F)[C@]1([H])c1c([H])c([H])nc([H])c1[H],0.273193359375
3766,[H]c1oc([C@@]2([H])N(S(=O)(=O)c3sc(Cl)c([H])c3[H])[C@@]([H])(c3c([H])c([H])c([H])c([H])c3[H])C([H])([H])[C@]2([H])C(=O)N([H])C(=O)N([H])C2([H])C([H])([H])C([H])([H])C([H])([H])C([H])([H])C2([H])[H])c([H])c1[H],0.272705078125
3401,[H]c1nc([H])c(C([H])([H])C([H])([H])N([H])C(=O)N([H])C(=O)[C@@]2([H])C([H])([H])[C@@]([H])(c3c([H])c([H])c([H])c([H])c3[H])N(C([H])([H])C([H])([H])C([H])([H])C([H])([H])c3c([H])c([H])c4c([H])c([H])c([H])nc4c3[H])[C@]2([H])c2oc([H])c([H])c2[H])c([H])c1[H],0.269287109375
25801,[H]c1oc([C@]2([H])N(C(=O)C([H])([H])[C@@]3([H])N(c4nc(C(=O)OC([H])([H])C([H])([H])[H])c([H])c([H])c4[H])C([H])([H])C([H])([H])C3([H])[H])[C@]([H])(c3c([H])c([H])c([H])c([H])c3[H])C([H])([H])[C@]2([H])C(=O)N([H])C(=O)N([H])C([H])([H])[H])c([H])c1[H],0.268310546875
19654,[H]c1nc([H])c([H])c(N([H])C(=O)N([H])C(=O)[C@@]2([H])C([H])([H])[C@@]([H])(c3c([H])c([H])c([H])c([H])c3[H])N(C(=O)Oc3c([H])c([H])c([H])c([H])c3C([H])([H])[H])[C@@]2([H])c2c([H])c([H])c([H])c3c([H])c([H])c([H])c([H])c23)n1,0.264404296875
8378,[H]c1nc([H])nc(N([H])C(=O)N([H])C(=O)[C@@]2([H])C([H])([H])[C@@]([H])(c3c([H])nc([H])c([H])c3[H])N(C([H])([H])[H])[C@@]2([H])c2c([H])c([H])c([H])c([H])c2[H])n1,0.263916015625
44802,[H]c1nc(N([H])C(=O)N([H])C(=O)[C@@]2([H])C([H])([H])[C@@]([H])(c3c([H])c([H])c([H])c([H])c3[H])N(C(=O)C([H])([H])C([H])([H])C([H])([H])c3c([H])c([H])c([H])c([H])c3C([H])([H])[H])[C@]2([H])c2c([H])c([H])c(-c3c([H])c([H])c([H])c(F)c3[H])c([H])c2[H])c([H])c([H])c1[H],0.26220703125
294,[H]c1nc([H])c([H])c(N2[C@]([H])(c3c([H])c([H])c([H])c(C([H])([H])[H])c3[H])C([H])([H])[C@]([H])(C(=O)N([H])C(=O)N([H])C([H])([H])C([H])([H])C([H])([H])[C@]3([H])OC([H])([H])C([H])([H])N(C([H])([H])[H])C3([H])[H])[C@]2([H])c2c([H])c([H])c(C([H])([H])[H])c([H])c2[H])c1[H],0.251708984375
46636,[H]c1nc(SC([H])([H])C(=O)N2[C@]([H])(c3c([H])c([H])c([H])c4c([H])c([H])c([H])c([H])c34)C([H])([H])[C@]([H])(C(=O)N([H])C(=O)N([H])c3c([H])c([H])c([H])c(F)c3[H])[C@]2([H])c2c([H])c([H])c([H])c([H])c2[H])n(C([H])([H])C([H])([H])C([H])([H])C([H])([H])[H])c1[H],0.2420654296875
30278,[H]c1oc([C@]2([H])N(C([H])([H])C([H])([H])C([H])([H])[C@@]3([H])C([H])([H])N([H])C([H])([H])C3([H])[H])[C@@]([H])(c3c([H])c([H])c([H])c([H])c3[H])[C@]([H])(C(=O)N([H])C(=O)N([H])c3c([H])c([H])c([H])c(Cl)c3[H])C2([H])[H])c([H])c1[H],0.2406005859375
17072,[H]c1c(C([H])([H])[H])nc(C([H])([H])[H])c(-n2nc(N([H])C(=O)N([H])C(=O)[C@]3([H])C([H])([H])[C@@]([H])(c4c([H])c([H])c([H])c([H])c4[H])N(C(=O)C4([H])C([H])([H])C([H])([H])C4([H])[H])[C@@]3([H])c3c([H])c([H])c([H])c([H])c3[H])c([H])c2[H])c1[H],0.23828125
45029,[H]c1nnn(C([H])([H])c2c([H])c([H])c([C@@]3([H])N(C([H])([H])n4nnnc4[H])[C@@]([H])(c4c([H])c([H])c([H])c(C([H])([H])[H])c4[H])C([H])([H])[C@]3([H])C(=O)N([H])C(=O)N([H])C([H])([H])C([H])([H])[H])c([H])c2[H])c1[H],0.233154296875
45447,[H]c1nc([H])c([C@]2([H])N(S(=O)(=O)c3c([H])c([H])c([H])c(Cl)c3[H])[C@@]([H])(c3c([H])c([H])nc([H])c3[H])[C@]([H])(C(=O)N([H])C(=O)N([H])c3c([H])c([H])c(F)c([H])c3[H])C2([H])[H])c([H])c1[H],0.23291015625
30672,[H]OC([H])([H])C([H])([H])N1[C@]([H])(c2c([H])c([H])c([H])c([H])c2[H])C([H])([H])[C@]([H])(C(=O)N([H])C(=O)N([H])c2sc3c(c2[H])C([H])([H])C([H])([H])C([H])([H])C3([H])[H])[C@]1([H])c1oc([H])c([H])c1[H],0.2279052734375
26030,[H]c1nc([H])c([H])c([C@@]2([H])N(C3([H])C([H])([H])C([H])([H])N(C([H])([H])C([H])([H])c4nc(C5([H])C([H])([H])C5([H])[H])n(C([H])([H])[H])n4)C([H])([H])C3([H])[H])[C@@]([H])(c3c([H])c([H])c([H])c([H])c3[H])C([H])([H])[C@@]2([H])C(=O)N([H])C(=O)N([H])C([H])([H])[H])c1[H],0.227294921875
5277,[H]c1c([H])c([H])c([C@@]2([H])N([C@]3([H])C([H])([H])C([H])([H])C([H])([H])[C@]3([H])C([H])([H])[H])[C@@]([H])(c3c([H])c([H])c([H])c4c([H])c([H])c([H])c([H])c34)C([H])([H])[C@@]2([H])C(=O)N([H])C(=O)N([H])C2=NN([H])C([H])([H])C2([H])[H])c([H])c1[H],0.2252197265625
8130,[H]c1oc([C@@]2([H])N(C(=O)OC([H])([H])c3c([H])c([H])c(Cl)c([H])c3[H])[C@@]([H])(c3c([H])c([H])c([H])c([H])c3[H])[C@@]([H])(C(=O)N([H])C(=O)N([H])[C@@]3([H])C([H])([H])C([H])([H])[C@]([H])(N([H])[H])C3([H])[H])C2([H])[H])c([H])c1[H],0.223876953125
10005,[H]Oc1c([H])c(N([H])C(=O)N([H])C(=O)[C@@]2([H])C([H])([H])[C@]([H])(c3c([H])c([H])c([H])c([H])c3[H])N(c3nc([H])nc([H])n3)[C@]2([H])c2c([H])c([H])c([H])c([H])c2[H])c([H])c2c1C([H])([H])C([H])([H])C([H])([H])O2,0.221435546875
10278,[H]c1c([H])c([H])c([C@@]2([H])N(C(=O)C([H])([H])Oc3c([H])c([H])c(C([H])([H])[H])c(F)c3[H])[C@@]([H])(c3c([H])c([H])c([H])c([H])c3[H])C([H])([H])[C@]2([H])C(=O)N([H])C(=O)N([H])[C@@]2([H])C([H])([H])OC([H])([H])C2([H])[H])c([H])c1[H],0.220703125
18112,[H]c1c(-n2nc(C([H])([H])[H])c([H])c2[H])nc(C([H])([H])N2[C@@]([H])(c3c([H])c([H])c([H])c(C([H])([H])[H])c3[H])C([H])([H])[C@@]([H])(C(=O)N([H])C(=O)N([H])C([H])([H])[H])[C@]2([H])c2c([H])c([H])c(C([H])([H])[H])c([H])c2[H])c([H])c1[H],0.2198486328125
20429,[H]c1nc([H])c([H])c([C@]2([H])N(C([H])([H])C([H])([H])[H])[C@@]([H])(c3c([H])c([H])c([H])c([H])c3[H])C([H])([H])[C@]2([H])C(=O)N([H])C(=O)N([H])c2c([H])c([H])c([H])c(-n3c([H])c([H])c([H])c3[H])c2[H])c1[H],0.215576171875
45686,[H]OC([H])([H])[C@@]1([H])C([H])([H])C([H])([H])C([H])([H])[C@@]([H])(C([H])([H])C([H])([H])C([H])([H])N2[C@]([H])(c3c([H])c([H])nc([H])c3[H])[C@]([H])(C(=O)N([H])C(=O)N([H])C([H])([H])OC([H])([H])[H])C([H])([H])[C@]2([H])c2c([H])c([H])c([H])c([H])c2[H])C1([H])[H],0.2098388671875
46381,[H]c1nc(N([H])C(=O)N([H])C(=O)[C@@]2([H])C([H])([H])[C@@]([H])(c3c([H])c([H])c([H])c([H])c3[H])N(C(=O)C([H])([H])C([H])([H])C(=O)c3c([H])c([H])c([H])c([H])c3-c3nc([H])c([H])c(C([H])([H])[H])c3[H])[C@@]2([H])c2c([H])c([H])nc([H])c2[H])c([H])c([H])c1[H],0.2095947265625
46936,[H]c1nc(C(=O)N([H])[H])c(N([H])C(=O)N([H])C(=O)[C@@]2([H])C([H])([H])[C@@]([H])(c3c([H])nc([H])c([H])c3[H])N(C(=O)c3c(Oc4c([H])nc([H])c([H])c4[H])nc([H])c([H])c3[H])[C@]2([H])c2c([H])c([H])nc([H])c2[H])nc1[H],0.2056884765625
9887,[H]c1sc([C@@]2([H])N(c3c([H])c(F)c([H])c([H])c(C([H])([H])[H])c3=O)[C@@]([H])(c3c([H])c([H])c([H])c([H])c3[H])C([H])([H])[C@@]2([H])C(=O)N([H])C(=O)N([H])c2c([H])c([H])c(C([H])([H])[H])c([H])c2C([H])([H])[H])c([H])c1[H],0.204833984375
23984,[H]c1nc(N([H])C(=O)N([H])C(=O)[C@]2([H])C([H])([H])[C@@]([H])(c3oc([H])c([H])c3[H])N(C([H])([H])[H])[C@]2([H])c2c([H])c([H])c([H])c([H])c2[H])c([H])c([H])c1N1C([H])([H])C([H])([H])C1([H])[H],0.203125
20959,[H]c1nc([C@]2([H])N(C([H])([H])C([H])([H])C([H])([H])C([H])([H])[C@@]3([H])C([H])([H])OC([H])([H])C([H])([H])N([H])C3([H])[H])[C@]([H])(c3c([H])c([H])c([H])c([H])c3[H])C([H])([H])[C@]2([H])C(=O)N([H])C(=O)N([H])C([H])([H])[H])c([H])c([H])c1[H],0.201904296875
29706,[H]c1nc2c(C([H])([H])[H])c([H])c(F)c([H])c2c(N2[C@]([H])(c3sc([H])c([H])c3[H])[C@]([H])(C(=O)N([H])C(=O)N([H])c3c([H])c([H])c(F)c([H])c3[H])C([H])([H])[C@]2([H])c2c([H])c([H])c([H])c([H])c2[H])c1[H],0.20166015625
16127,[H]c1oc([C@@]2([H])N(C(=O)c3c([H])c(F)c([H])c(C([H])([H])[H])c3OC([H])([H])[H])[C@]([H])(c3c([H])c([H])c([H])c([H])c3[H])C([H])([H])[C@@]2([H])C(=O)N([H])C(=O)N([H])C2([H])C([H])([H])C([H])([H])C2([H])[H])c([H])c1[H],0.196044921875
45594,[H]c1oc([C@@]2([H])N(C([H])([H])C([H])([H])C([H])([H])c3c([H])c([H])c([H])n3C([H])([H])[H])[C@@]([H])(c3c([H])c([H])c([H])c([H])c3[H])[C@]([H])(C(=O)N([H])C(=O)N([H])C(=O)c3c([H])c([H])c([H])c([H])c3[H])C2([H])[H])c([H])c1[H],0.1951904296875
37030,[H]c1nnc(C([H])([H])[H])c([H])c1N1[C@]([H])(c2oc([H])c([H])c2[H])[C@@]([H])(C(=O)N([H])C(=O)N([H])c2c([H])c([H])c(OC([H])([H])[H])c(F)c2[H])C([H])([H])[C@]1([H])c1c([H])c([H])c([H])c([H])c1[H],0.194091796875
35140,[H]c1nc([H])c([C@@]2([H])N(C([H])([H])[H])[C@@]([H])(c3c([H])c([H])c([H])c([H])c3[H])[C@@]([H])(C(=O)N([H])C(=O)N([H])[C@]3([H])C([H])([H])[C@@]3([H])C3([H])C([H])([H])C([H])([H])C3([H])[H])C2([H])[H])c([H])c1[H],0.1934814453125
47191,[H]c1nc(N([H])C(=O)N([H])C(=O)[C@@]2([H])C([H])([H])[C@@]([H])(c3c([H])c([H])c([H])c([H])c3[H])N(C([H])([H])c3oc(-c4c([H])c([H])c([H])c([H])c4[H])c([H])c3[H])[C@@]2([H])c2c([H])c([H])c([H])c([H])c2[H])c([H])c([H])c1Cl,0.1932373046875
2597,[H]C1=C([H])[C@]([H])(N2[C@]([H])(c3c([H])c([H])c([H])c4c([H])c([H])c([H])c([H])c34)[C@@]([H])(C(=O)N([H])C(=O)N([H])C([H])([H])[H])C([H])([H])[C@]2([H])c2c([H])c([H])c([H])c([H])c2[H])C([H])([H])N([C@]2([H])C([H])([H])c3c([H])c([H])c([H])c([H])c3C([H])([H])C2([H])[H])C([H])([H])C1([H])[H],0.1927490234375
38177,[H]c1c([H])c([H])c([C@@]2([H])N(C([H])([H])[H])[C@@]([H])(c3c([H])c([H])c([H])c4c([H])c([H])c([H])c([H])c34)C([H])([H])[C@]2([H])C(=O)N([H])C(=O)N([H])c2nc(C([H])([H])[H])c3c([H])nc(F)c([H])c3n2)c([H])c1[H],0.1923828125
9062,[H]c1nc(C([H])([H])[H])nc([H])c1S(=O)(=O)N1[C@@]([H])(c2c([H])c([H])c([H])c([H])c2[H])C([H])([H])[C@]([H])(C(=O)N([H])C(=O)N([H])c2c([H])c([H])c([H])c([H])c2N2C([H])([H])C([H])([H])C([H])([H])C2([H])[H])[C@]1([H])c1sc([H])c([H])c1[H],0.1910400390625
28181,[H]c1c(N([H])C(=O)N([H])C(=O)[C@@]2([H])C([H])([H])[C@]([H])(c3c([H])c([H])c([H])c(C([H])([H])[H])c3[H])N(C(=O)C3([H])C([H])([H])C([H])([H])C3([H])[H])[C@@]2([H])c2c([H])c([H])c(C([H])([H])[H])c([H])c2[H])nc(C([H])([H])[H])c([H])c1[H],0.1907958984375
44572,[H]c1oc([C@@]2([H])N(C([H])([H])C([H])([H])[C@]3([H])C([H])([H])OC([H])([H])C3([H])[H])[C@]([H])(c3c([H])c([H])c([H])c([H])c3[H])[C@]([H])(C(=O)N([H])C(=O)N([H])C([H])([H])[C@]3([H])OC([H])([H])C([H])([H])C(=O)C3([H])[H])C2([H])[H])c([H])c1[H],0.1905517578125
23148,[H]c1nc([H])c(N([H])C(=O)N([H])C(=O)[C@@]2([H])C([H])([H])[C@@]([H])(c3c([H])c([H])c([H])c(C([H])([H])[H])c3[H])N(C(=O)C3([H])OC([H])([H])C([H])([H])C([H])([H])O3)[C@@]2([H])c2c([H])c([H])c(C([H])([H])[H])c([H])c2[H])nc1[H],0.18994140625
45258,[H]c1nc([H])c(N2[C@]([H])(c3c([H])c([H])c([H])c(-c4c([H])c([H])c([H])c(C([H])([H])[H])c4[H])c3[H])C([H])([H])[C@@]([H])(C(=O)N([H])C(=O)N([H])c3c([H])c([H])c([H])c(OC([H])([H])[H])c3[H])[C@]2([H])c2c([H])c([H])c([H])c([H])c2[H])nc1[H],0.1898193359375
7720,[H]c1sc([C@@]2([H])N(C(=O)N([H])c3c([H])c(C([H])([H])[H])nc4c3C([H])([H])C([H])([H])C([H])([H])O4)[C@@]([H])(c3c([H])c([H])c([H])c([H])c3[H])C([H])([H])[C@@]2([H])C(=O)N([H])C(=O)N([H])C([H])([H])[H])c([H])c1[H],0.1884765625
13357,[H]c1nc([H])c([C@]2([H])N(C([H])([H])c3c(C([H])([H])[H])nc([H])c([H])c3Cl)[C@@]([H])(c3c([H])c([H])c([H])c([H])c3[H])[C@]([H])(C(=O)N([H])C(=O)N([H])C3([H])C([H])([H])C([H])([H])C([H])([H])C3([H])[H])C2([H])[H])c([H])c1[H],0.1883544921875
24081,[H]c1nc([H])c([H])c([C@@]2([H])N([C@@]3([H])C([H])([H])N(C([H])([H])[H])C([H])([H])C([H])([H])C([H])([H])C3([H])[H])[C@]([H])(c3c([H])c([H])c([H])c([H])c3[H])C([H])([H])[C@@]2([H])C(=O)N([H])C(=O)N([H])C([H])([H])c2c([H])c([H])c([H])c([H])c2[H])c1[H],0.18798828125
45326,[H]c1nn(C([H])([H])c2c([H])c([H])c([C@@]3([H])N(C(=O)N([H])C(=O)C4([H])C([H])([H])C([H])([H])C4([H])[H])[C@]([H])(c4c([H])c([H])c([H])c(C([H])([H])[H])c4[H])C([H])([H])[C@@]3([H])C(=O)N([H])C(=O)N([H])C([H])([H])C([H])([H])[H])c([H])c2[H])c([H])c1[H],0.1871337890625
46336,[H]c1nc(N([H])C(=O)N([H])C(=O)[C@@]2([H])C([H])([H])[C@]([H])(c3c([H])c([H])c([H])c([H])c3[H])N(C(=O)[C@@]([H])(C([H])([H])[H])C([H])([H])C([H])([H])[H])[C@]2([H])c2oc([H])c([H])c2[H])c([H])c([H])c1C([H])([H])[H],0.18505859375
19383,[H]c1c([H])c([H])c([C@]2([H])N(C([H])([H])C([H])([H])[H])[C@@]([H])(c3c([H])c([H])c([H])c([H])c3[H])[C@]([H])(C(=O)N([H])C(=O)N([H])c3c([H])c([H])c(-c4c([H])c([H])c5nc(C([H])([H])[H])n(C([H])([H])[H])c5c4[H])c([H])c3[H])C2([H])[H])c([H])c1[H],0.18505859375
46141,[H]C1=C([H])[C@@]([H])(C(=O)N([H])[C@@]([H])(C(=O)N([H])C([H])([H])C([H])([H])N2[C@]([H])(c3c([H])c([H])nc([H])c3[H])[C@]([H])(C(=O)N([H])C(=O)N([H])C([H])([H])[H])C([H])([H])[C@]2([H])c2c([H])c([H])c([H])c([H])c2[H])C([H])([H])[H])C([H])([H])C([H])([H])C1([H])[H],0.184326171875
19449,[H]c1c([H])c([H])c([C@@]2([H])N(C(=O)[C@@]([H])(N([H])C3([H])C([H])([H])C3([H])[H])C([H])([H])[H])[C@@]([H])(c3c([H])c([H])c([H])c(C([H])([H])[H])c3[H])C([H])([H])[C@@]2([H])C(=O)N([H])C(=O)N([H])[C@@]2([H])C(=O)C([H])([H])C2([H])[H])c([H])c1[H],0.184326171875
20179,[H]c1nc([H])c([C@@]2([H])N(C(=O)OC3([H])C([H])([H])C([H])([H])C([H])([H])C([H])([H])C3([H])[H])[C@]([H])(c3c([H])c([H])c([H])c([H])c3[H])C([H])([H])[C@@]2([H])C(=O)N([H])C(=O)N([H])c2c([H])c([H])c3c(c2[H])OC([H])([H])O3)c([H])c1[H],0.184326171875
46192,[H]c1nc([H])c([C@@]2([H])N(C(=O)C([H])([H])OC([H])([H])C([H])([H])C([H])([H])C([H])([H])[H])[C@]([H])(c3c([H])c([H])c([H])c([H])c3[H])[C@]([H])(C(=O)N([H])C(=O)N([H])c3c([H])c([H])c([H])c(C([H])([H])[H])c3[H])C2([H])[H])c([H])c1[H],0.1822509765625
45573,[H]c1oc([C@@]2([H])N(C(=O)C([H])([H])C([H])([H])N3C(=O)C([H])([H])C([H])([H])C3([H])[H])[C@]([H])(c3c([H])c([H])c([H])c([H])c3[H])C([H])([H])[C@]2([H])C(=O)N([H])C(=O)N([H])C([H])([H])C([H])([H])c2c([H])c([H])c(Cl)c([H])c2[H])c([H])c1[H],0.1817626953125
23502,[H]c1nc(N2C([H])([H])C([H])([H])C([H])([H])C2([H])[H])c([H])c([H])c1N([H])C(=O)N([H])C(=O)[C@@]1([H])C([H])([H])[C@]([H])(c2oc([H])c([H])c2[H])N([C@]2([H])C([H])([H])N([H])C([H])([H])C2([H])[H])[C@]1([H])c1c([H])c([H])c([H])c([H])c1[H],0.1817626953125
23853,[H]c1nc(N([H])C(=O)N([H])C(=O)[C@]2([H])C([H])([H])[C@]([H])(c3c([H])c([H])c([H])c([H])c3[H])N(C([H])([H])[H])[C@]2([H])c2c([H])c([H])c([H])c([H])c2[H])c([H])c(N2C([H])([H])C([H])([H])C([H])([H])C2([H])[H])n1,0.181640625
24209,[H]c1nc(N([H])C(=O)N([H])C(=O)[C@]2([H])C([H])([H])[C@@]([H])(c3c([H])c([H])c([H])c([H])c3[H])N(C([H])([H])c3c([H])c([H])c(C4([H])C([H])([H])C([H])([H])C4([H])[H])c([H])c3[H])[C@]2([H])c2nc([H])c([H])c([H])c2[H])no1,0.18017578125
26143,[H]c1c([H])c([H])c([C@]2([H])N(C(=O)OC([H])([H])C([H])([H])Oc3c([H])c([H])c(C([H])([H])N4C([H])([H])C([H])([H])C4([H])[H])c([H])c3[H])[C@@]([H])(c3c([H])c([H])c([H])c4c([H])c([H])c([H])c([H])c34)C([H])([H])[C@]2([H])C(=O)N([H])C(=O)N([H])C([H])([H])C([H])([H])[H])c([H])c1[H],0.179443359375
9020,[H]c1nnc(N([H])C(=O)N([H])C(=O)[C@@]2([H])C([H])([H])[C@@]([H])(c3c([H])c([H])c([H])c([H])c3[H])N(c3nc(Cl)c([H])c([H])c3[H])[C@]2([H])c2c([H])c([H])c([H])c3c([H])c([H])c([H])c([H])c23)c([H])c1[H],0.1767578125
33909,[H]c1sc([C@@]2([H])N(C(=O)C([H])([H])[H])[C@@]([H])(c3c([H])c([H])c([H])c([H])c3[H])C([H])([H])[C@]2([H])C(=O)N([H])C(=O)N([H])c2nc3c(c([H])c2[H])OC([H])([H])C([H])([H])C([H])([H])C3([H])[H])c([H])c1[H],0.1761474609375
23383,[H]c1nc([C@]2([H])N(C([H])([H])[H])[C@]([H])(c3c([H])c([H])c([H])c([H])c3[H])C([H])([H])[C@@]2([H])C(=O)N([H])C(=O)N([H])c2nc(-c3c([H])c([H])c([H])c([H])c3[H])n(C([H])([H])[H])n2)c([H])c([H])c1[H],0.1754150390625
16135,[H]c1nc([C@@]2([H])N(C(=O)c3c([H])c([H])c([H])c(F)c3C([H])([H])[H])[C@]([H])(c3c([H])c([H])c([H])c([H])c3[H])C([H])([H])[C@]2([H])C(=O)N([H])C(=O)N([H])c2c([H])c([H])c(F)c(C([H])([H])[H])c2[H])c([H])c([H])c1[H],0.175048828125
6848,[H]c1nc(-c2c([H])c([H])c([H])c([C@]3([H])N(C([H])([H])[C@]4([H])C([H])([H])N(C([H])([H])[H])C([H])([H])C4([H])[H])[C@]([H])(c4c([H])c([H])c([H])c([H])c4[H])[C@]([H])(C(=O)N([H])C(=O)N([H])c4nc(C([H])([H])[H])c([H])c([H])c4[H])C3([H])[H])c2[H])c([H])c([H])c1[H],0.1749267578125
3957,[H]C(C(=O)N1[C@@]([H])(c2c([H])c([H])c([H])c([H])c2[H])C([H])([H])[C@]([H])(C(=O)N([H])C(=O)N([H])C2([H])C([H])([H])C([H])([H])N([H])C([H])([H])C2([H])[H])[C@]1([H])c1oc([H])c([H])c1[H])=C([H])c1c([H])c([H])c([H])c(C([H])([H])[H])c1[H],0.174560546875
3448,[H]c1nc([H])c(N2[C@]([H])(c3c([H])c([H])c([H])c([H])c3[H])[C@@]([H])(C(=O)N([H])C(=O)N([H])c3c([H])c([H])c([H])c(C([H])([H])[H])c3[H])C([H])([H])[C@]2([H])c2c([H])c([H])c([H])c(-c3c([H])c([H])c([H])c([H])c3[H])c2[H])nc1[H],0.1734619140625
14223,[H]c1nc([H])c([H])c(N2[C@]([H])(c3c([H])c([H])c([H])c([H])c3[H])C([H])([H])[C@@]([H])(C(=O)N([H])C(=O)N([H])[C@]3([H])C([H])([H])[C@@]3([H])c3nc(C([H])([H])[H])nc([H])c3[H])[C@]2([H])c2c([H])c([H])c([H])c3c([H])c([H])c([H])c([H])c23)n1,0.17333984375
45502,[H]C(C(=O)N1[C@]([H])(c2c([H])c([H])c([H])c([H])c2[H])[C@]([H])(C(=O)N([H])C(=O)N([H])C([H])([H])C([H])([H])[H])C([H])([H])[C@]1([H])c1c([H])c([H])c([H])c([H])c1[H])=C([H])C([H])([H])OC([H])([H])C1([H])C([H])([H])C([H])([H])C([H])([H])C1([H])[H],0.1715087890625
23053,[H]c1nc([H])c([C@]2([H])N(C([H])([H])C([H])([H])N3C([H])([H])C([H])([H])C([H])(c4nc([H])c(C([H])([H])[H])c([H])c4[H])C([H])([H])C3([H])[H])[C@@]([H])(c3c([H])c([H])c([H])c([H])c3[H])[C@@]([H])(C(=O)N([H])C(=O)N([H])C([H])([H])[H])C2([H])[H])c([H])c1[H],0.1715087890625
1304,[H]c1sc([C@@]2([H])N(C([H])([H])C([H])([H])C([H])([H])N([H])C3([H])C([H])([H])C([H])([H])C3([H])[H])[C@@]([H])(c3c([H])c([H])c([H])c([H])c3[H])C([H])([H])[C@@]2([H])C(=O)N([H])C(=O)N([H])C([H])([H])C([H])([H])[H])c([H])c1[H],0.170166015625
28482,[H]c1nc([H])nc(OC([H])([H])C([H])([H])C([H])([H])C([H])([H])N2[C@]([H])(c3nc([H])c([H])c([H])c3[H])[C@@]([H])(C(=O)N([H])C(=O)N([H])c3c([H])c([H])c([H])c([H])c3[H])C([H])([H])[C@]2([H])c2c([H])c([H])c([H])c([H])c2[H])n1,0.169921875
23790,[H]c1sc([C@]2([H])N(C([H])([H])[H])[C@@]([H])(c3c([H])c([H])c([H])c([H])c3[H])C([H])([H])[C@@]2([H])C(=O)N([H])C(=O)N([H])c2c([H])c([H])c([H])c(N3C([H])([H])N(C([H])([H])[H])C([H])([H])C3([H])[H])c2[H])c([H])c1[H],0.169921875
21211,[H]c1nc([H])c([H])c([C@]2([H])N(C([H])([H])C([H])([H])Oc3c([H])c([H])c([H])c4c([H])c([H])n([H])c34)[C@]([H])(c3c([H])c([H])c([H])c([H])c3[H])C([H])([H])[C@@]2([H])C(=O)N([H])C(=O)N([H])C([H])([H])[H])c1[H],0.1680908203125
46436,[H]c1nc([H])c(N2[C@@]([H])(c3c([H])c([H])c([H])c([H])c3[H])C([H])([H])[C@@]([H])(C(=O)N([H])C(=O)N([H])c3c([H])c([H])c([H])c(C([H])([H])[H])c3[H])[C@]2([H])c2sc([H])c([H])c2[H])c([H])c1C(=O)N([H])C([H])([H])[H],0.16796875
283,[H]C1=NC([H])([H])C(C([H])([H])N([H])C(=O)N([H])C(=O)[C@@]2([H])C([H])([H])[C@@]([H])(c3c([H])c([H])c([H])c([H])c3[H])N([C@@]([H])(c3c([H])c([H])c([H])c([H])c3[H])C([H])([H])[H])[C@]2([H])c2nc([H])c([H])c([H])c2[H])=C1[H],0.167724609375
10067,[H]c1nc(N([H])C(=O)N([H])C(=O)[C@@]2([H])C([H])([H])[C@@]([H])(c3c([H])c([H])c([H])c([H])c3[H])N(C(=O)c3c([H])c(OC([H])([H])[H])c([H])c([H])c3C([H])([H])[H])[C@]2([H])c2sc([H])c([H])c2[H])c([H])c([H])c1[H],0.166748046875
45503,[H]c1nc([H])c([H])c(N2[C@@]([H])(c3c([H])c([H])c([H])c([H])c3[H])C([H])([H])[C@@]([H])(C(=O)N([H])C(=O)N([H])C([H])([H])C([H])([H])[H])[C@]2([H])c2c([H])c([H])c(-c3c([H])c([H])c([H])c([H])c3F)c([H])c2[H])c1[H],0.16650390625
16123,[H]C(C(=O)N1[C@@]([H])(c2oc([H])c([H])c2[H])C([H])([H])[C@@]([H])(C(=O)N([H])C(=O)N([H])C(C([H])([H])[H])(C([H])([H])[H])C([H])([H])[H])[C@]1([H])c1c([H])c([H])c([H])c([H])c1[H])=C1C([H])=C(C2([H])C([H])([H])C([H])([H])C([H])([H])C2([H])[H])C1([H])[H],0.166015625
2052,[H]c1c([H])c([H])c([C@]2([H])N(C([H])([H])c3c([H])c([H])c([H])c(OC([H])([H])[H])c3[H])[C@@]([H])(c3c([H])c([H])c([H])c4c([H])c([H])c([H])c([H])c34)[C@@]([H])(C(=O)N([H])C(=O)N([H])[C@]3([H])C([H])([H])C([H])([H])C([H])([H])[C@@]([H])(N([H])[H])C([H])([H])C3([H])[H])C2([H])[H])c([H])c1[H],0.1634521484375
18978,[H]c1nc(N([H])C(=O)N([H])C(=O)[C@]2([H])C([H])([H])[C@]([H])(c3c([H])c([H])c([H])c([H])c3[H])N(C([H])([H])C([H])([H])[H])[C@@]2([H])c2c([H])c([H])c([H])c3c([H])c([H])c([H])c([H])c23)nc(C([H])([H])[H])c1[H],0.163330078125
1928,[H]c1nc([H])c([C@]2([H])N(C(=O)c3c([H])c([H])c4sc(Cl)c([H])c4c3[H])[C@@]([H])(c3c([H])c([H])c([H])c([H])c3[H])[C@]([H])(C(=O)N([H])C([H])([H])[H])C2([H])[H])c([H])c1[H],0.1629638671875
26601,[H]c1sc([C@]2([H])N(C([H])([H])[H])[C@]([H])(c3c([H])c([H])c([H])c([H])c3[H])[C@]([H])(C(=O)N([H])C(=O)Oc3c(C([H])([H])[H])nc(Cl)c([H])c3[H])C2([H])[H])c([H])c1[H],0.1627197265625
7827,[H]c1nc([H])nc(N([H])C(=O)N([H])C(=O)[C@@]2([H])C([H])([H])[C@]([H])(c3c([H])c([H])c([H])c4c([H])c([H])c([H])c([H])c34)N([C@]3([H])C([H])([H])N(C([H])([H])[H])C([H])([H])C3([H])[H])[C@]2([H])c2c([H])c([H])c([H])c([H])c2[H])n1,0.16259765625
23379,[H]c1oc([C@@]2([H])N(C([H])([H])C([H])([H])Oc3c([H])c([H])c(C([H])([H])[H])c([H])c3C([H])([H])[H])[C@@]([H])(c3c([H])c([H])c([H])c([H])c3[H])C([H])([H])[C@@]2([H])C(=O)N([H])C(=O)N([H])[C@@]2([H])C([H])([H])N(C([H])([H])[H])C([H])([H])C2([H])[H])c([H])c1[H],0.161865234375
1972,[H]c1nc([H])c([H])c([C@]2([H])N(C3([H])C([H])([H])C([H])([H])C([H])([H])C([H])([H])C3([H])[H])[C@]([H])(c3c([H])c([H])c([H])c([H])c3[H])C([H])([H])[C@@]2([H])C(=O)N([H])C(=O)N([H])[C@]2([H])C([H])([H])C([H])([H])C([H])([H])C([H])([H])C([H])([H])[C@]2([H])N([H])[H])c1[H],0.16162109375
40115,[H]C1=C(C(=O)N2[C@]([H])(c3c([H])c([H])c([H])c([H])c3[H])C([H])([H])[C@@]([H])(C(=O)N([H])C(=O)N([H])C3=C([H])C([H])([H])C([H])([H])S(=O)(=O)C3([H])[H])[C@@]2([H])c2sc([H])c([H])c2[H])C([H])([H])C([H])([H])C(=O)C1([H])[H],0.1610107421875
40261,[H]c1sc([C@@]2([H])N(C(=O)n3c(C([H])([H])[H])nc4nn(C([H])([H])[H])nc43)[C@]([H])(c3c([H])c([H])c([H])c([H])c3[H])C([H])([H])[C@@]2([H])C(=O)N([H])C(=O)N([H])c2c([H])c([H])c([H])c([H])c2[H])c([H])c1[H],0.1605224609375
20883,[H]c1nn(-c2c([H])c([H])c([H])c(C([H])([H])[H])c2[H])c(C([H])([H])N2[C@]([H])(c3c([H])c([H])c([H])c([H])c3[H])C([H])([H])[C@]([H])(C(=O)N([H])C(=O)N([H])C([H])([H])[H])[C@@]2([H])c2c([H])c([H])c([H])c([H])c2[H])c1[H],0.159912109375
46691,[H]c1nn(C([H])([H])C([H])([H])c2c([H])c([H])c([H])c([H])c2[H])c([H])c1C(=O)N1[C@]([H])(c2c([H])c([H])c([H])c([H])c2[H])C([H])([H])[C@]([H])(C(=O)N([H])C(=O)N([H])C([H])([H])C([H])([H])[H])[C@]1([H])c1sc([H])c([H])c1[H],0.159912109375
21375,[H]c1nn(C([H])([H])c2c([H])c([H])c([C@]3([H])N(C([H])([H])c4onc([H])c4F)[C@@]([H])(c4c([H])c([H])c([H])c([H])c4[H])C([H])([H])[C@]3([H])C(=O)N([H])C(=O)N([H])C([H])([H])[H])c([H])c2[H])c([H])c1[H],0.1590576171875
22967,[H]c1c([H])c([H])c([C@]2([H])N(c3c([H])c([H])c(F)c([H])c3[H])[C@]([H])(c3c([H])c([H])c([H])c(C([H])([H])[H])c3[H])C([H])([H])[C@]2([H])C(=O)N([H])C(=O)N([H])c2c([H])c([H])c(C([H])([H])[H])c(N3C([H])([H])C([H])([H])OC([H])([H])C3([H])[H])c2[H])c([H])c1[H],0.158935546875
35676,[H]c1c([H])c([H])c([C@@]2([H])N([C@@]3([H])C([H])([H])C([H])([H])N(C([H])([H])[H])C([H])([H])C([H])([H])C3([H])[H])[C@@]([H])(c3c([H])c([H])c([H])c([H])c3[H])[C@]([H])(C(=O)N([H])C(=O)N([H])c3nn(C([H])([H])[H])c([H])c3[H])C2([H])[H])c([H])c1[H],0.1588134765625
16459,[H]c1nn(C([H])([H])[H])c(C([H])([H])N2[C@]([H])(c3c([H])c([H])c([H])c([H])c3[H])C([H])([H])[C@@]([H])(C(=O)N([H])C(=O)N([H])c3nc(C([H])([H])[H])c([H])c([H])c3[H])[C@@]2([H])c2c([H])c([H])c([H])c3c([H])c([H])c([H])c([H])c23)c1[H],0.15869140625
15623,[H]c1nc([C@]2([H])N(C([H])([H])c3nc(C4([H])C([H])([H])C4([H])[H])c([H])o3)[C@]([H])(c3c([H])c([H])c([H])c([H])c3[H])C([H])([H])[C@@]2([H])C(=O)N([H])C(=O)N([H])[C@]2([H])C([H])([H])N(C([H])([H])[H])C([H])([H])C2([H])[H])c([H])c([H])c1[H],0.157958984375
40449,[H]c1nc([H])c([C@]2([H])N([C@]3([H])c4c([H])c(F)c([H])c(C([H])([H])[H])c4C([H])([H])OC3([H])[H])[C@]([H])(c3c([H])c([H])nc([H])c3[H])[C@]([H])(C(=O)N([H])C(=O)N([H])C([H])([H])[H])C2([H])[H])c([H])c1[H],0.1563720703125
29316,[H]c1nc([H])c([H])c([C@@]2([H])N(C([H])([H])c3c([H])c([H])c(F)c([H])c3[H])[C@@]([H])(c3c([H])c([H])c([H])c([H])c3[H])C([H])([H])[C@]2([H])C(=O)N([H])C(=O)N([H])[C@]2([H])C([H])([H])N([H])C([H])([H])C2([H])[H])c1[H],0.15576171875
40425,[H]c1c([H])c(C([H])([H])[H])c([H])c([C@@]2([H])N([C@@]34[C@@]5([H])C([H])([H])N([H])[C@]3([H])C([H])([H])[C@@]4([H])C([H])([H])C([H])([H])C5([H])[H])[C@]([H])(c3c([H])c([H])c(C([H])([H])[H])c([H])c3[H])[C@@]([H])(C(=O)N([H])C(=O)N([H])C([H])([H])[H])C2([H])[H])c1[H],0.1549072265625
